,Price,Change %,Volx1M
0,0.003213,14.63,4.37
1,0.00377,17.34,5.96
2,0.003718,-1.38,4.82
3,0.003617,-2.72,2.11
4,0.00325,-10.15,1.37
5,0.003431,5.57,1.54
6,0.003426,-0.15,3.43
7,0.003278,-4.32,2.24
8,0.003454,5.37,2.44
9,0.00299,-13.43,2.42
10,0.003187,6.59,2.29
11,0.002824,-11.39,3.64
12,0.002936,3.97,4.35
13,0.003058,4.16,7.4
14,0.003246,6.15,5.56
15,0.002994,-7.76,6.07
16,0.003168,5.81,5.95
17,0.003104,-2.02,4.15
18,0.002963,-4.54,4.09
19,0.002987,0.81,9.05
20,0.003074,2.91,3.57
21,0.0029,-5.66,3.96
22,0.002573,-11.28,2.35
23,0.002516,-2.22,1.62
24,0.002534,0.72,2.96
25,0.0028,10.5,4.49
26,0.002534,-9.5,7.95
27,0.002555,0.83,9.93
28,0.002239,-12.37,10.45
29,0.00246,9.87,8.13
30,0.002502,1.71,8.89
31,0.002525,0.92,13.04
32,0.00265,4.95,11.65
33,0.002688,1.43,13.18
34,0.002382,-11.38,8.29
35,0.002351,-1.3,5.23
36,0.002284,-2.85,6.93
37,0.00218,-4.55,5.87
38,0.00218,0.0,0.0
39,0.001848,-15.23,8.91
40,0.001783,-3.52,10.59
41,0.001661,-6.84,14.95
42,0.001466,-11.74,10.31
43,0.001305,-10.98,19.14
44,0.001563,19.77,9.72
45,0.001802,15.29,4.21
46,0.001637,-9.16,3.01
47,0.001872,14.36,5.19
48,0.001949,4.11,1.32
49,0.002093,7.39,1.05
50,0.002007,-4.11,2.39
51,0.002025,0.9,2.8
52,0.001759,-13.14,7.03
53,0.001783,1.36,1.32
54,0.001842,3.31,6.8
55,0.001767,-4.07,6.63
56,0.001744,-1.3,5.3
57,0.001686,-3.33,4.32
58,0.001674,-0.71,5.94
59,0.001781,6.39,7.04
60,0.001846,3.65,7.6
61,0.001763,-4.5,5.88
62,0.001819,3.18,5.85
63,0.002068,13.69,7.38
64,0.001936,-6.38,4.69
65,0.001948,0.62,7.77
66,0.001965,0.87,8.21
67,0.001915,-2.54,6.21
68,0.001935,1.04,7.11
69,0.001871,-3.31,7.38
70,0.001854,-0.91,7.0
71,0.001779,-4.05,8.3
72,0.001754,-1.41,11.67
73,0.001699,-3.14,7.54
74,0.001766,3.94,7.43
75,0.001696,-3.96,7.85
76,0.001653,-2.54,8.97
77,0.001661,0.48,5.91
78,0.001682,1.26,5.62
79,0.001687,0.3,6.68
80,0.001699,0.71,7.1
81,0.001702,0.18,6.22
82,0.001805,6.05,5.88
83,0.001724,-4.49,7.88
84,0.001752,1.62,6.06
85,0.001755,0.17,7.03
86,0.001794,2.22,163.08
87,0.001891,5.41,1520.0
88,0.002119,12.06,4470.0
89,0.0021,-0.9,3880.0
90,0.002492,18.67,2540.0
91,0.002178,-12.6,844.59
92,0.00216,-0.83,1490.0
93,0.001879,-13.01,1010.0
94,0.002049,9.05,335.01
95,0.002031,-0.88,667.87
96,0.002,-1.53,1360.0
97,0.0018,-10.0,1410.0
98,0.001728,-4.0,1580.0
99,0.001544,-10.65,1800.0
100,0.001522,-1.42,1720.0
101,0.001493,-1.91,1950.0
102,0.001404,-5.96,2260.0
103,0.000953,-32.12,1790.0
104,0.000965,1.26,1090.0
105,0.000914,-5.28,792.78
106,0.000865,-5.36,1600.0
107,0.00094,8.67,330.76
108,0.000876,-6.81,186.74
109,0.000838,-4.34,957.06
110,0.000776,-7.4,1930.0
111,0.000774,-0.26,1630.0
112,0.000944,21.96,1710.0
113,0.00089,-5.72,1610.0
114,0.001146,28.76,370.82
115,0.00115,0.35,48.86
116,0.001159,0.78,118.22
117,0.001109,-4.31,872.99
118,0.001089,-1.8,2150.0
119,0.001168,7.25,1340.0
120,0.001076,-7.88,1940.0
121,0.001051,-2.32,1250.0
122,0.001023,-2.66,1780.0
123,0.001014,-0.88,1480.0
124,0.001007,-0.69,1030.0
125,0.001024,1.69,1230.0
126,0.001042,1.76,505.05
127,0.00106,1.73,62.11
128,0.000976,-7.92,669.53
129,0.000999,2.36,903.6
130,0.001036,3.7,1130.0
131,0.001051,1.45,1200.0
132,0.00102,-2.95,1460.0
133,0.001067,4.61,1170.0
134,0.00108,1.22,1190.0
135,0.001151,6.57,6030.0
136,0.001066,-7.38,16309.999999999998
137,0.001052,-1.31,3210.0
138,0.001069,1.62,2570.0
139,0.00104,-2.71,3870.0
140,0.00098,-5.77,3180.0
141,0.001013,3.37,3150.0
142,0.00101,-0.3,2110.0
143,0.00106,4.95,957.84
144,0.001079,1.79,359.24
145,0.00106,-1.76,494.95
146,0.001042,-1.7,998.25
147,0.001014,-2.69,295.11
148,0.001181,16.47,402.91
149,0.00116,-1.78,535.28
150,0.001147,-1.12,1340.0
151,0.001125,-1.92,1170.0
152,0.00112,-0.44,1530.0
153,0.001133,1.16,1410.0
154,0.001179,4.06,1370.0
155,0.001169,-0.85,1290.0
156,0.001143,-2.22,1380.0
157,0.001169,2.27,1240.0
158,0.001191,1.88,2520.0
159,0.001392,16.88,2500.0
160,0.001158,-16.81,748.05
161,0.001172,1.21,1140.0
162,0.00106,-9.56,1710.0
163,0.001162,9.62,1970.0
164,0.001171,0.77,2790.0
165,0.001295,10.59,2060.0
166,0.001353,4.48,2000.0
167,0.001298,-4.07,2050.0
168,0.00132,1.69,1350.0
169,0.001362,3.18,14.91
170,0.001373,0.81,1310.0
171,0.001376,0.22,2410.0
172,0.001837,33.5,2440.0
173,0.001905,3.7,1520.0
174,0.001903,-0.1,1550.0
175,0.002074,8.99,1470.0
176,0.001957,-5.64,1350.0
177,0.001965,0.41,2380.0
178,0.00236,20.1,2250.0
179,0.002043,-13.43,2360.0
180,0.002053,0.49,1800.0
181,0.002127,3.6,1990.0
182,0.002073,-2.54,1580.0
183,0.002186,5.45,2280.0
184,0.002439,11.57,1750.0
185,0.002467,1.15,1630.0
186,0.002586,4.82,1810.0
187,0.002666,3.09,1790.0
188,0.002692,0.98,1780.0
189,0.002564,-4.75,1640.0
190,0.002519,-1.76,1690.0
191,0.002646,5.04,1460.0
192,0.003126,18.14,1560.0
193,0.003382,8.19,1520.0
194,0.003591,6.18,1180.0
195,0.003659,1.89,1260.0
196,0.005634,53.98,1270.0
197,0.005841,3.67,908.22
198,0.00627,7.34,802.77
199,0.005409,-13.73,907.96
200,0.006392,18.17,1030.0
201,0.007497,17.29,819.43
202,0.006071,-19.02,952.23
203,0.006949,14.46,750.24
204,0.008356,20.25,850.85
205,0.008648,3.49,713.9
206,0.009332,7.91,608.89
207,0.008861,-5.05,505.32
208,0.008244,-6.96,543.3
209,0.009228,11.94,637.88
210,0.007672,-16.86,558.77
211,0.008927,16.36,597.41
212,0.008678,-2.79,575.22
213,0.009,3.71,721.15
214,0.009205,2.28,724.34
215,0.009613,4.43,634.48
216,0.01255,30.55,672.26
217,0.01463,16.57,612.55
218,0.017,16.2,612.39
219,0.01542,-9.29,175.97
220,0.0131,-15.05,503.01
221,0.012839,-1.99,409.95
222,0.011189,-12.85,520.26
223,0.012566,12.31,405.01
224,0.012259,-2.44,415.58
225,0.011232,-8.38,433.41
226,0.009721,-13.45,412.59
227,0.006564,-32.48,681.08
228,0.00762,16.09,621.35
229,0.00753,-1.18,610.96
230,0.007787,3.41,507.54
231,0.008359,7.35,490.14
232,0.006975,-16.56,537.24
233,0.00665,-4.66,599.13
234,0.006605,-0.68,600.76
235,0.00706,6.89,558.02
236,0.00749,6.09,551.98
237,0.007169,-4.29,487.91
238,0.007383,2.99,433.72
239,0.00761,3.07,371.69
240,0.006942,-8.78,396.77
241,0.006136,-11.62,350.67
242,0.006006,-2.11,373.84
243,0.005126,-14.65,497.9
244,0.004566,-10.93,680.94
245,0.00515,12.79,528.22
246,0.00441,-14.37,493.87
247,0.003547,-19.58,628.56
248,0.00442,24.6,908.75
249,0.004222,-4.48,623.93
250,0.00458,8.49,403.36
251,0.005028,9.79,452.54
252,0.005018,-0.19,623.05
253,0.004942,-1.53,428.13
254,0.005548,12.27,384.77
255,0.005694,2.62,356.0
256,0.006785,19.16,1250.0
257,0.007303,7.64,1560.0
258,0.006952,-4.81,886.21
259,0.007035,1.2,597.29
260,0.006463,-8.14,593.33
261,0.006712,3.87,379.13
262,0.007152,6.54,1630.0
263,0.006648,-7.04,966.62
264,0.006233,-6.25,751.21
265,0.006675,7.09,549.22
266,0.006272,-6.04,421.0
267,0.006083,-3.01,376.45
268,0.006294,3.47,307.48
269,0.00633,0.58,296.32
270,0.00607,-4.11,261.75
271,0.006193,2.03,218.76
272,0.005549,-10.41,380.89
273,0.005262,-5.16,377.76
274,0.005466,3.87,298.53
275,0.005261,-3.75,207.74
276,0.004606,-12.45,446.81
277,0.00406,-11.85,508.64
278,0.003995,-1.6,557.51
279,0.004151,3.9,416.08
280,0.003989,-3.91,312.14
281,0.004159,4.28,457.17
282,0.00404,-2.88,288.11
283,0.003971,-1.71,224.99
284,0.003599,-9.36,336.98
285,0.003541,-1.62,537.9
286,0.003523,-0.5,338.28
287,0.003334,-5.37,303.57
288,0.003124,-6.29,472.84
289,0.003486,11.58,474.29
290,0.003657,4.9,363.39
291,0.003641,-0.42,344.31
292,0.003597,-1.23,306.87
293,0.003566,-0.85,268.76
294,0.003517,-1.38,273.4
295,0.00347,-1.34,232.57
296,0.003283,-5.39,253.17
297,0.003154,-3.91,257.78
298,0.003162,0.25,236.87
299,0.002872,-9.17,333.2
300,0.002765,-3.75,369.79
301,0.0028,1.28,236.64
302,0.002707,-3.31,189.05
303,0.002801,3.45,195.95
304,0.003011,7.52,275.98
305,0.002769,-8.05,263.21
306,0.002803,1.21,226.26
307,0.002718,-3.02,239.68
308,0.002817,3.63,215.81
309,0.002859,1.5,201.54
310,0.002796,-2.2,262.48
311,0.003086,10.37,530.06
312,0.003398,10.12,799.54
313,0.00388,14.19,767.89
314,0.003962,2.11,648.65
315,0.004153,4.81,517.26
316,0.004634,11.59,501.77
317,0.004561,-1.57,803.3
318,0.004705,3.14,407.27
319,0.005442,15.67,460.89
320,0.005969,9.68,583.3
321,0.005906,-1.05,656.82
322,0.005381,-8.89,807.39
323,0.005524,2.65,631.36
324,0.005604,1.46,352.08
325,0.005767,2.9,464.73
326,0.00507,-12.08,573.17
327,0.005524,8.95,498.83
328,0.005379,-2.63,447.9
329,0.005507,2.39,384.05
330,0.005451,-1.01,494.33
331,0.005232,-4.03,341.18
332,0.005116,-2.22,270.39
333,0.005331,4.2,319.46
334,0.005489,2.96,355.68
335,0.005248,-4.38,272.8
336,0.005232,-0.32,277.99
337,0.004939,-5.59,291.92
338,0.004974,0.71,275.8
339,0.005255,5.65,290.42
340,0.005023,-4.41,205.85
341,0.004791,-4.62,161.14
342,0.004247,-11.35,240.56
343,0.004274,0.63,213.03
344,0.004472,4.64,162.5
345,0.004448,-0.55,153.25
346,0.004532,1.89,204.5
347,0.004378,-3.4,156.98
348,0.004189,-4.32,162.58
349,0.004242,1.26,154.14
350,0.004233,-0.2,145.74
351,0.004359,2.96,186.2
352,0.004217,-3.25,183.54
353,0.003874,-8.13,195.92
354,0.003437,-11.29,253.06
355,0.003568,3.81,248.36
356,0.0035,-1.89,207.72
357,0.00347,-0.88,173.97
358,0.00341,-1.73,171.79
359,0.003219,-5.59,205.92
360,0.003461,7.5,235.11
361,0.003396,-1.88,122.08
362,0.003432,1.07,162.13
363,0.003441,0.25,197.28
364,0.003583,4.14,207.56
365,0.003689,2.97,297.8
366,0.003542,-4.01,220.81
367,0.003628,2.45,165.14
368,0.003727,2.73,206.38
369,0.003714,-0.36,154.07
370,0.003664,-1.35,141.23
371,0.003572,-2.5,133.66
372,0.003136,-12.2,234.12
373,0.003235,3.15,166.95
374,0.003091,-4.44,146.34
375,0.002792,-9.68,164.75
376,0.002968,6.29,183.9
377,0.00287,-3.29,156.68
378,0.002907,1.29,174.44
379,0.002887,-0.7,151.63
380,0.002993,3.69,165.58
381,0.003017,0.79,155.51
382,0.002993,-0.81,117.77
383,0.002982,-0.37,173.42
384,0.002606,-12.58,244.67
385,0.002654,1.83,168.58
386,0.002508,-5.5,215.27
387,0.002539,1.25,203.74
388,0.00245,-3.51,202.35
389,0.002468,0.74,169.24
390,0.002321,-5.99,197.7
391,0.002414,4.03,154.47
392,0.002543,5.35,197.76
393,0.002536,-0.29,106.36
394,0.002735,7.85,139.8
395,0.002655,-2.93,172.63
396,0.002688,1.27,128.93
397,0.002614,-2.76,103.31
398,0.002636,0.85,141.92
399,0.002655,0.7,139.87
400,0.002649,-0.21,132.82
401,0.002635,-0.53,175.64
402,0.002458,-6.72,187.34
403,0.002462,0.15,185.49
404,0.002286,-7.15,153.63
405,0.002328,1.84,140.4
406,0.002344,0.68,153.34
407,0.002423,3.38,204.08
408,0.002904,19.85,432.64
409,0.003254,12.06,462.02
410,0.003694,13.52,1030.0
411,0.003833,3.77,554.75
412,0.003409,-11.06,360.37
413,0.003555,4.28,232.51
414,0.003487,-1.93,260.16
415,0.003416,-2.01,267.63
416,0.003626,6.15,321.61
417,0.003564,-1.72,318.39
418,0.003374,-5.32,253.16
419,0.003444,2.07,279.72
420,0.003421,-0.67,199.19
421,0.003305,-3.41,225.26
422,0.003259,-1.37,257.93
423,0.002979,-8.6,331.8
424,0.003056,2.59,296.52
425,0.00297,-2.83,238.53
426,0.002928,-1.39,264.56
427,0.002829,-3.37,301.93
428,0.002876,1.65,316.39
429,0.002783,-3.25,286.42
430,0.002651,-4.72,358.29
431,0.002421,-8.7,339.38
432,0.002579,6.55,346.36
433,0.002417,-6.27,294.3
434,0.002381,-1.49,267.58
435,0.002407,1.06,348.7
436,0.002331,-3.14,322.85
437,0.002232,-4.24,399.41
438,0.002281,2.17,326.93
439,0.002268,-0.56,365.58
440,0.002498,10.13,356.31
441,0.002397,-4.03,409.49
442,0.002457,2.5,300.51
443,0.002344,-4.61,318.86
444,0.002408,2.76,270.33
445,0.002332,-3.18,346.11
446,0.002376,1.91,301.93
447,0.00243,2.23,293.01
448,0.00242,-0.38,284.88
449,0.002427,0.26,297.73
450,0.002477,2.06,364.95
451,0.002643,6.72,400.31
452,0.00263,-0.49,480.45
453,0.003323,26.34,3670.0
454,0.004823,45.14,6260.0
455,0.006458,33.89,11280.0
456,0.005067,-21.53,10220.0
457,0.005324,5.06,4730.0
458,0.005284,-0.76,2280.0
459,0.004953,-6.26,3030.0
460,0.005038,1.72,2000.0
461,0.005306,5.32,2610.0
462,0.005717,7.74,2880.0
463,0.005859,2.49,1800.0
464,0.006945,18.53,3770.0
465,0.006348,-8.6,4370.0
466,0.0065,2.39,1620.0
467,0.006582,1.26,1700.0
468,0.006207,-5.7,2150.0
469,0.006249,0.67,772.76
470,0.006583,5.34,1120.0
471,0.006278,-4.62,1380.0
472,0.00597,-4.91,1590.0
473,0.00563,-5.7,1830.0
474,0.005714,1.49,1000.0
475,0.005713,-0.02,1180.0
476,0.005806,1.63,652.24
477,0.005969,2.8,620.77
478,0.005718,-4.2,931.58
479,0.005747,0.5,831.38
480,0.005776,0.51,461.57
481,0.00589,1.98,650.19
482,0.005894,0.06,767.85
483,0.005887,-0.12,665.47
484,0.005933,0.78,799.99
485,0.005949,0.27,892.61
486,0.005825,-2.08,825.53
487,0.005736,-1.53,790.24
488,0.005674,-1.09,884.68
489,0.005672,-0.03,588.76
490,0.005587,-1.49,1040.0
491,0.005629,0.75,464.63
492,0.005643,0.25,619.31
493,0.005666,0.42,543.96
494,0.005627,-0.69,697.88
495,0.005026,-10.68,1290.0
496,0.005307,5.59,626.73
497,0.005265,-0.79,357.24
498,0.00527,0.1,360.59
499,0.005376,2.0,992.75
500,0.005146,-4.27,608.38
501,0.004729,-8.11,2120.0
502,0.00448,-5.25,2160.0
503,0.004597,2.6,1360.0
504,0.004642,0.99,649.45
505,0.004567,-1.62,519.79
506,0.004446,-2.64,596.81
507,0.004199,-5.56,1070.0
508,0.00396,-5.69,1760.0
509,0.003745,-5.43,1160.0
510,0.004111,9.77,1420.0
511,0.004218,2.61,1950.0
512,0.00405,-3.98,737.29
513,0.003856,-4.81,946.7
514,0.003897,1.07,801.8
515,0.003804,-2.39,1310.0
516,0.003784,-0.53,749.76
517,0.003792,0.21,834.1
518,0.003758,-0.89,445.93
519,0.003727,-0.83,618.23
520,0.00365,-2.06,978.49
521,0.003701,1.38,1490.0
522,0.003632,-1.84,786.65
523,0.003362,-7.46,1370.0
524,0.003128,-6.94,2160.0
525,0.003292,5.24,1730.0
526,0.00317,-3.71,870.2
527,0.003084,-2.73,1000.0
528,0.002967,-3.78,663.89
529,0.00277,-6.64,1460.0
530,0.002851,2.94,2700.0
531,0.002761,-3.18,1790.0
532,0.002602,-5.75,986.08
533,0.002638,1.36,789.91
534,0.002435,-7.68,1820.0
535,0.002329,-4.34,2140.0
536,0.002476,6.3,2470.0
537,0.002383,-3.78,1390.0
538,0.002386,0.13,936.92
539,0.002256,-5.43,933.4
540,0.002261,0.24,907.74
541,0.002127,-5.93,1080.0
542,0.002078,-2.29,1000.0
543,0.002235,7.55,1310.0
544,0.002226,-0.4,816.32
545,0.002185,-1.87,679.6
546,0.00223,2.08,662.05
547,0.002211,-0.83,631.95
548,0.002157,-2.47,594.03
549,0.002202,2.1,754.27
550,0.002197,-0.25,715.33
551,0.002111,-3.91,941.33
552,0.002123,0.59,896.51
553,0.002105,-0.85,569.72
554,0.002092,-0.66,526.71
555,0.002063,-1.36,390.78
556,0.002087,1.15,383.7
557,0.002081,-0.27,536.14
558,0.002056,-1.2,467.5
559,0.002074,0.86,533.57
560,0.002064,-0.47,316.54
561,0.002109,2.15,678.68
562,0.002531,20.02,1740.0
563,0.002518,-0.48,1660.0
564,0.002629,4.41,1670.0
565,0.002653,0.88,1100.0
566,0.002466,-7.03,1300.0
567,0.002446,-0.79,1060.0
568,0.00249,1.8,934.4
569,0.002507,0.65,1170.0
570,0.002379,-5.08,668.91
571,0.002393,0.56,605.04
572,0.002299,-3.92,646.9
573,0.002377,3.41,603.38
574,0.002313,-2.71,450.02
575,0.002333,0.86,365.26
576,0.002327,-0.23,600.3
577,0.002347,0.84,303.8
578,0.00235,0.13,301.97
579,0.002293,-2.41,538.78
580,0.002243,-2.18,542.08
581,0.002249,0.25,409.37
582,0.002257,0.36,477.48
583,0.00223,-1.2,340.57
584,0.002223,-0.3,553.73
585,0.002215,-0.35,515.53
586,0.002079,-6.13,861.91
587,0.002067,-0.6,573.91
588,0.002084,0.8,406.53
589,0.002053,-1.47,642.01
590,0.00208,1.34,384.45
591,0.002042,-1.84,439.71
592,0.002066,1.17,354.12
593,0.002062,-0.17,416.45
594,0.002042,-1.01,376.2
595,0.002094,2.55,978.04
596,0.002028,-3.13,565.92
597,0.002032,0.2,580.88
598,0.002021,-0.58,842.72
599,0.001996,-1.22,609.79
600,0.002006,0.48,423.85
601,0.002005,0.0,322.29
602,0.00201,0.26,352.45
603,0.001994,-0.83,318.79
604,0.001891,-5.17,708.23
605,0.001878,-0.67,449.96
606,0.001922,2.36,514.14
607,0.001893,-1.54,557.02
608,0.001909,0.85,589.88
609,0.001927,0.94,426.38
610,0.00188,-2.41,552.21
611,0.001873,-0.39,276.55
612,0.001855,-0.94,359.09
613,0.001805,-2.7,367.55
614,0.001818,0.68,317.79
615,0.001937,6.57,509.73
616,0.001908,-1.5,312.62
617,0.001899,-0.48,310.01
618,0.001861,-1.97,370.2
619,0.001878,0.88,305.58
620,0.001888,0.51,422.38
621,0.00189,0.15,401.46
622,0.00189,0.0,370.37
623,0.001932,2.23,471.52
624,0.002026,4.85,1200.0
625,0.002059,1.64,760.88
626,0.002064,0.26,741.97
627,0.002052,-0.6,502.37
628,0.002021,-1.52,356.05
629,0.002044,1.14,471.4
630,0.00207,1.26,415.37
631,0.001916,-7.4,680.98
632,0.001988,3.74,335.38
633,0.001957,-1.58,352.0
634,0.001951,-0.27,468.38
635,0.001927,-1.25,320.67
636,0.001964,1.9,407.59
637,0.001979,0.79,467.24
638,0.001959,-1.01,247.18
639,0.001908,-2.6,204.78
640,0.001947,2.04,514.18
641,0.001939,-0.44,376.15
642,0.001951,0.66,301.84
643,0.001949,-0.13,353.34
644,0.001978,1.49,403.65
645,0.001959,-0.95,346.39
646,0.001929,-1.55,515.79
647,0.001995,3.45,347.03
648,0.002007,0.59,239.8
649,0.002023,0.78,338.49
650,0.002035,0.58,400.94
651,0.002053,0.91,383.69
652,0.002051,-0.1,422.87
653,0.002061,0.48,343.09
654,0.002051,-0.51,248.18
655,0.002043,-0.36,219.27
656,0.002017,-1.28,331.44
657,0.002025,0.41,174.53
658,0.002023,-0.13,232.01
659,0.002017,-0.28,245.35
660,0.002023,0.33,387.3
661,0.002025,0.06,470.14
662,0.002068,2.13,386.73
663,0.002058,-0.49,482.8
664,0.00209,1.54,385.48
665,0.002084,-0.29,289.35
666,0.002076,-0.36,421.39
667,0.002453,18.15,488.96
668,0.002796,13.99,372.43
669,0.003143,12.41,286.51
670,0.003652,16.2,9370.0
671,0.003551,-2.77,2150.0
672,0.003367,-5.2,1470.0
673,0.00341,1.29,2250.0
674,0.002988,-12.36,2130.0
675,0.002859,-4.33,1870.0
676,0.002965,3.7,1310.0
677,0.002768,-6.63,5550.0
678,0.002839,2.57,4280.0
679,0.002868,1.0,3920.0
680,0.002881,0.45,2600.0
681,0.002776,-3.62,3440.0
682,0.002814,1.36,2610.0
683,0.002811,-0.1,2460.0
684,0.002952,5.0,4600.0
685,0.002888,-2.15,3130.0
686,0.002929,1.43,2840.0
687,0.002787,-4.87,3500.0
688,0.002772,-0.53,2850.0
689,0.002747,-0.91,3380.0
690,0.002598,-5.44,4590.0
691,0.002444,-5.92,3430.0
692,0.002515,2.91,3430.0
693,0.002512,-0.12,2130.0
694,0.002547,1.41,2190.0
695,0.002461,-3.41,2980.0
696,0.00251,2.01,2620.0
697,0.002539,1.18,2430.0
698,0.002599,2.36,2870.0
699,0.002705,4.08,3250.0
700,0.002692,-0.51,3160.0
701,0.002643,-1.81,2160.0
702,0.002596,-1.79,2580.0
703,0.002556,-1.5,2760.0
704,0.002554,-0.11,2630.0
705,0.002497,-2.23,2550.0
706,0.002496,0.0,2750.0
707,0.002776,11.18,5190.0
708,0.002628,-5.32,4090.0
709,0.002728,3.8,3570.0
710,0.003074,12.68,5070.0
711,0.003334,8.48,5250.0
712,0.003135,-5.97,6730.0
713,0.002915,-7.03,5030.0
714,0.002958,1.47,2660.0
715,0.00313,5.81,2310.0
716,0.002976,-4.92,3050.0
717,0.003032,1.91,2480.0
718,0.002932,-3.3,2900.0
719,0.002952,0.67,2740.0
720,0.002989,1.26,3230.0
721,0.002975,-0.47,2560.0
722,0.003046,2.38,3330.0
723,0.003124,2.56,5210.0
724,0.003146,0.69,3570.0
725,0.003171,0.8,3440.0
726,0.003206,1.1,7180.0
727,0.003396,5.95,4950.0
728,0.00335,-1.35,4830.0
729,0.00337,0.59,3710.0
730,0.003165,-6.08,4560.0
731,0.002966,-6.29,4770.0
732,0.003029,2.11,3100.0
733,0.003083,1.79,2880.0
734,0.003148,2.1,2710.0
735,0.003101,-1.5,2470.0
736,0.002988,-3.63,2770.0
737,0.003074,2.88,2970.0
738,0.003057,-0.55,2590.0
739,0.003073,0.51,3150.0
740,0.003079,0.21,3180.0
741,0.003105,0.85,2970.0
742,0.003132,0.85,3610.0
743,0.00318,1.54,4140.0
744,0.00319,0.33,3270.0
745,0.003105,-2.68,3270.0
746,0.00314,1.15,2550.0
747,0.003106,-1.09,2570.0
748,0.003259,4.94,3150.0
749,0.00331,1.55,4990.0
750,0.00331,0.0,3240.0
751,0.003344,1.01,3040.0
752,0.003349,0.16,2820.0
753,0.0034,1.51,5400.0
754,0.003383,-0.51,7290.0
755,0.003415,0.96,5310.0
756,0.003371,-1.31,2900.0
757,0.003279,-2.7,2910.0
758,0.00327,-0.27,3130.0
759,0.003162,-3.31,3230.0
760,0.003343,5.72,2420.0
761,0.00318,-4.88,2730.0
762,0.003857,21.3,11990.0
763,0.003521,-8.71,3750.0
764,0.00358,1.65,2330.0
765,0.003466,-3.19,1950.0
766,0.003493,0.8,2380.0
767,0.003398,-2.74,3400.0
768,0.003244,-4.52,3120.0
769,0.003356,3.44,2170.0
770,0.003286,-2.08,2070.0
771,0.002963,-9.83,3080.0
772,0.003091,4.33,3710.0
773,0.002791,-9.71,3860.0
774,0.002898,3.83,3540.0
775,0.003114,7.47,2880.0
776,0.003039,-2.42,1870.0
777,0.003108,2.25,2040.0
778,0.003078,-0.94,1920.0
779,0.003013,-2.13,2420.0
780,0.002882,-4.33,2200.0
781,0.002902,0.69,3290.0
782,0.002949,1.62,2250.0
783,0.00295,0.02,1890.0
784,0.002863,-2.95,2430.0
785,0.002869,0.21,2140.0
786,0.002838,-1.07,2090.0
787,0.00277,-2.4,1760.0
788,0.002897,4.6,2250.0
789,0.002929,1.08,1850.0
790,0.002914,-0.48,2150.0
791,0.002922,0.24,1950.0
792,0.002938,0.56,1820.0
793,0.003047,3.72,2940.0
794,0.002952,-3.13,2270.0
795,0.002961,0.29,2220.0
796,0.002933,-0.92,2130.0
797,0.0029,-1.13,2380.0
798,0.002805,-3.27,2370.0
799,0.002909,3.68,2210.0
800,0.002883,-0.88,2340.0
801,0.002856,-0.93,2240.0
802,0.002789,-2.35,2690.0
803,0.002667,-4.37,2940.0
804,0.002726,2.2,2310.0
805,0.002687,-1.41,1980.0
806,0.002748,2.26,2720.0
807,0.002814,2.41,1950.0
808,0.002773,-1.46,2040.0
809,0.002689,-3.05,2450.0
810,0.002758,2.57,2240.0
811,0.002748,-0.37,1970.0
812,0.002705,-1.54,2070.0
813,0.002719,0.52,1940.0
814,0.002714,-0.18,2009.9999999999998
815,0.002676,-1.41,1940.0
816,0.002579,-3.63,2090.0
817,0.002495,-3.25,2340.0
818,0.002538,1.73,1890.0
819,0.002679,5.54,2040.0
820,0.002572,-3.99,2040.0
821,0.002637,2.54,2070.0
822,0.002623,-0.53,2650.0
823,0.00289,10.15,2560.0
824,0.002512,-13.06,2400.0
825,0.002572,2.37,2510.0
826,0.002536,-1.38,2740.0
827,0.00258,1.74,2510.0
828,0.002481,-3.83,3060.0
829,0.002478,-0.12,2420.0
830,0.00246,-0.73,2050.0
831,0.002462,0.05,2029.9999999999998
832,0.002471,0.37,1840.0
833,0.002476,0.2,2200.0
834,0.002517,1.69,2190.0
835,0.002502,-0.63,2370.0
836,0.002617,4.62,2560.0
837,0.002746,4.93,2860.0
838,0.002739,-0.25,3100.0
839,0.002725,-0.51,2110.0
840,0.002681,-1.62,2170.0
841,0.002649,-1.2,2430.0
842,0.002583,-2.48,2170.0
843,0.002255,-12.73,5290.0
844,0.002263,0.38,3830.0
845,0.002215,-2.1,3260.0
846,0.002332,5.27,3220.0
847,0.002312,-0.89,3410.0
848,0.002299,-0.54,3180.0
849,0.002418,5.16,3910.0
850,0.002444,1.08,2670.0
851,0.002415,-1.15,1930.0
852,0.002387,-1.17,2340.0
853,0.002563,7.35,2560.0
854,0.002399,-6.39,2710.0
855,0.002512,4.74,2810.0
856,0.002527,0.59,3250.0
857,0.002431,-3.83,2860.0
858,0.002445,0.6,3140.0
859,0.002385,-2.46,2600.0
860,0.002369,-0.69,2810.0
861,0.002383,0.63,2720.0
862,0.002465,3.44,3930.0
863,0.002564,4.01,3250.0
864,0.002548,-0.62,3130.0
865,0.002583,1.38,3250.0
866,0.002755,6.63,4510.0
867,0.002753,-0.06,3700.0
868,0.002788,1.26,2860.0
869,0.0028,0.43,3070.0
870,0.002704,-3.43,1990.0
871,0.002578,-4.63,1900.0
872,0.002548,-1.18,3940.0
873,0.002593,1.76,3190.0
874,0.002696,3.97,4990.0
875,0.002672,-0.87,6190.0
876,0.002675,0.12,4080.0
877,0.002687,0.44,3470.0
878,0.002666,-0.78,3130.0
879,0.002627,-1.5,3000.0
880,0.002633,0.26,2640.0
881,0.002648,0.56,2750.0
882,0.002698,1.9,2820.0
883,0.002855,5.8,2640.0
884,0.002651,-7.13,3270.0
885,0.002628,-0.89,3790.0
886,0.002736,4.14,2880.0
887,0.002762,0.94,3330.0
888,0.002801,1.4,3180.0
889,0.002744,-2.03,3310.0
890,0.002826,3.01,3510.0
891,0.002777,-1.76,3030.0
892,0.002782,0.2,2920.0
893,0.002778,-0.14,2750.0
894,0.002743,-1.28,3000.0
895,0.002711,-1.15,3540.0
896,0.002683,-1.04,3200.0
897,0.002745,2.32,3080.0
898,0.002636,-3.97,3820.0
899,0.002608,-1.08,3700.0
900,0.002653,1.76,3750.0
901,0.002504,-5.63,4410.0
902,0.002421,-3.34,5130.0
903,0.002957,22.15,4270.0
904,0.002785,-5.79,4240.0
905,0.002465,-11.51,5330.0
906,0.002327,-5.59,4100.0
907,0.00239,2.69,4440.0
908,0.002428,1.61,3690.0
909,0.002887,18.9,3850.0
910,0.002394,-17.08,4000.0
911,0.002365,-1.19,3550.0
912,0.00232,-1.89,2900.0
913,0.002293,-1.18,3490.0
914,0.002291,-0.1,4280.0
915,0.002328,1.64,3840.0
916,0.002335,0.27,3580.0
917,0.002288,-1.99,3790.0
918,0.002287,-0.04,3530.0
919,0.002281,-0.27,3740.0
920,0.002306,1.1,3990.0
921,0.002304,-0.08,3950.0
922,0.002304,0.0,3770.0
923,0.002302,-0.12,3810.0
924,0.002294,-0.33,3830.0
925,0.002275,-0.82,3830.0
926,0.002249,-1.15,3930.0
927,0.002207,-1.86,4660.0
928,0.002247,1.78,4850.0
929,0.002206,-1.8,4040.0
930,0.002094,-5.11,3510.0
931,0.002118,1.17,3690.0
932,0.002132,0.63,4059.9999999999995
933,0.002126,-0.24,3970.0
934,0.002247,5.66,3650.0
935,0.002199,-2.15,3830.0
936,0.002202,0.17,3750.0
937,0.002104,-4.49,3720.0
938,0.002122,0.86,3860.0
939,0.002153,1.46,3690.0
940,0.002038,-5.3,1530.0
941,0.002015,-1.17,1610.0
942,0.00204,1.24,1440.0
943,0.001999,-1.98,1860.0
944,0.002042,2.14,1690.0
945,0.002307,12.99,1550.0
946,0.00208,-9.86,1570.0
947,0.002153,3.51,1660.0
948,0.002182,1.36,1750.0
949,0.002138,-1.99,1840.0
950,0.002138,-0.05,1640.0
951,0.002208,3.29,1710.0
952,0.002179,-1.31,1730.0
953,0.002205,1.2,1630.0
954,0.002161,-2.02,1510.0
955,0.002356,9.04,2380.0
956,0.148228,6191.55,2210.0
957,0.002323,-98.43,1870.0
958,0.002479,6.74,2160.0
959,0.002503,0.94,1940.0
960,0.002423,-3.2,1920.0
961,0.002467,1.82,1660.0
962,0.002389,-3.14,1620.0
963,0.002376,-0.58,1430.0
964,0.002287,-3.74,1700.0
965,0.002282,-0.2,1660.0
966,0.002248,-1.5,1550.0
967,0.002296,2.16,1510.0
968,0.002355,2.56,1910.0
969,0.002415,2.54,1800.0
970,0.002417,0.1,1760.0
971,0.002431,0.57,1810.0
972,0.002381,-2.06,1730.0
973,0.002432,2.16,1610.0
974,0.002439,0.27,1810.0
975,0.002416,-0.93,1760.0
976,0.002512,3.95,1980.0
977,0.002598,3.44,2250.0
978,0.00266,2.37,1940.0
979,0.002786,4.75,2020.0
980,0.003171,13.81,3210.0
981,0.003228,1.8,3890.0
982,0.002983,-7.58,3100.0
983,0.00307,2.94,2550.0
984,0.003053,-0.57,2500.0
985,0.003002,-1.66,2750.0
986,0.003101,3.28,2100.0
987,0.002903,-6.36,2330.0
988,0.002756,-5.06,2690.0
989,0.002694,-2.25,2320.0
990,0.002839,5.38,2310.0
991,0.00261,-8.08,2029.9999999999998
992,0.002651,1.56,2180.0
993,0.002645,-0.24,1770.0
994,0.002598,-1.75,1710.0
995,0.002678,3.08,1690.0
996,0.002582,-3.58,1790.0
997,0.002476,-4.14,1960.0
998,0.002344,-5.3,2340.0
999,0.002327,-0.74,1760.0
1000,0.00229,-1.59,1630.0
1001,0.002216,-3.25,1500.0
1002,0.002276,2.7,1630.0
1003,0.00235,3.26,1550.0
1004,0.0025,6.38,2390.0
1005,0.002424,-3.02,1960.0
1006,0.002479,2.27,1900.0
1007,0.002485,0.24,1830.0
1008,0.002408,-3.11,1980.0
1009,0.002178,-9.55,2580.0
1010,0.002222,2.01,2840.0
1011,0.002205,-0.74,2410.0
1012,0.002176,-1.35,2060.0
1013,0.001585,-27.12,6660.0
1014,0.001753,10.58,6490.0
1015,0.001687,-3.79,2790.0
1016,0.001695,0.48,2760.0
1017,0.001637,-3.43,3280.0
1018,0.001703,4.02,2470.0
1019,0.001672,-1.79,2580.0
1020,0.001763,5.43,77340.0
1021,0.001773,0.54,37630.0
1022,0.001781,0.51,37630.0
1023,0.001726,-3.1,37990.0
1024,0.001816,5.21,37190.0
1025,0.001844,1.54,35900.0
1026,0.001831,-0.72,36150.0
1027,0.001825,-0.34,35680.0
1028,0.001781,-2.39,36480.0
1029,0.001774,-0.39,38200.0
1030,0.001721,-2.99,37160.0
1031,0.001805,4.85,36560.0
1032,0.0018,-0.27,36220.0
1033,0.001863,3.5,37270.0
1034,0.001876,0.73,35610.0
1035,0.001841,-1.91,36040.0
1036,0.001872,1.7,35420.0
1037,0.00185,-1.15,35540.0
1038,0.001984,7.2,34870.0
1039,0.002,0.83,34260.0
1040,0.002004,0.18,33430.0
1041,0.00202,0.83,33080.0
1042,0.001962,-2.89,35790.0
1043,0.002015,2.68,33910.0
1044,0.001961,-2.65,33290.0
1045,0.001961,0.0,34720.0
1046,0.001979,0.9,33770.0
1047,0.001987,0.41,34510.0
1048,0.001998,0.53,34410.0
1049,0.002001,0.15,32930.0
1050,0.002047,2.33,32670.0
1051,0.002042,-0.25,33180.0
1052,0.001979,-3.12,33710.0
1053,0.00195,-1.42,33890.0
1054,0.001998,2.44,32850.0
1055,0.002054,2.8,32380.000000000004
1056,0.002081,1.33,32240.000000000004
1057,0.002123,2.01,31930.0
1058,0.002402,13.12,32330.0
1059,0.002343,-2.44,30170.0
1060,0.002334,-0.37,29410.0
1061,0.002505,7.3,28580.0
1062,0.00246,-1.79,29440.0
1063,0.002473,0.52,28060.0
1064,0.002541,2.77,26880.0
1065,0.002505,-1.43,27450.0
1066,0.002464,-1.62,27830.0
1067,0.002476,0.48,27500.0
1068,0.002479,0.12,27200.0
1069,0.002661,7.32,26680.0
1070,0.002615,-1.69,26420.0
1071,0.002604,-0.43,26700.0
1072,0.002453,-5.82,29420.0
1073,0.00241,-1.74,29150.0
1074,0.002461,2.12,27530.0
1075,0.00252,2.38,27520.0
1076,0.002575,2.21,27620.0
1077,0.002492,-3.23,27280.0
1078,0.002512,0.81,27090.0
1079,0.00253,0.72,26590.0
1080,0.002537,0.25,27200.0
1081,0.002543,0.27,2340.0
1082,0.002517,-1.02,2280.0
1083,0.0025,-0.7,2620.0
1084,0.002538,1.53,2420.0
1085,0.002538,0.0,2400.0
1086,0.002476,-2.43,2550.0
1087,0.002537,2.44,2860.0
1088,0.002506,-1.2,2200.0
1089,0.002511,0.19,1990.0
1090,0.002532,0.83,1870.0
1091,0.002528,-0.14,1460.0
1092,0.002621,3.66,1910.0
1093,0.002573,-1.82,1730.0
1094,0.002648,2.9,1860.0
1095,0.002575,-2.76,2480.0
1096,0.002594,0.77,1590.0
1097,0.002632,1.45,4360.0
1098,0.002589,-1.66,3750.0
1099,0.002587,-0.07,3800.0
1100,0.002607,0.77,3850.0
1101,0.002585,-0.82,3680.0
1102,0.002562,-0.92,3880.0
1103,0.002585,0.91,3780.0
1104,0.002455,-5.0,4620.0
1105,0.002523,2.76,4460.0
1106,0.002532,0.34,3850.0
1107,0.002482,-1.97,3130.0
1108,0.002477,-0.19,5070.0
1109,0.002485,0.33,4290.0
1110,0.002481,-0.18,4000.0
1111,0.002454,-1.07,3260.0
1112,0.002453,-0.05,3300.0
1113,0.002458,0.22,2960.0
1114,0.002449,-0.38,2850.0
1115,0.002472,0.93,3150.0
1116,0.002473,0.03,3030.0
1117,0.002425,-1.94,3300.0
1118,0.002408,-0.67,2760.0
1119,0.002358,-2.11,2600.0
1120,0.002324,-1.45,2690.0
1121,0.002315,-0.39,2850.0
1122,0.002305,-0.42,3050.0
1123,0.002314,0.4,2860.0
1124,0.002327,0.54,2790.0
1125,0.002322,-0.21,2760.0
1126,0.002322,0.0,2770.0
1127,0.002306,-0.66,2600.0
1128,0.002301,-0.23,2560.0
1129,0.002618,13.78,4520.0
1130,0.003121,19.21,12700.0
1131,0.004757,52.41,48780.0
1132,0.004331,-8.95,24230.0
1133,0.003525,-18.61,18810.0
1134,0.003808,8.02,11320.0
1135,0.003636,-4.52,6560.0
1136,0.00316,-13.09,13400.0
1137,0.003291,4.17,7340.0
1138,0.003094,-6.01,5240.0
1139,0.002981,-3.66,6240.0
1140,0.003055,2.49,5700.0
1141,0.003455,13.09,18060.0
1142,0.003381,-2.15,9430.0
1143,0.003226,-4.58,5600.0
1144,0.0033,2.32,4840.0
1145,0.003289,-0.36,3520.0
1146,0.003298,0.3,3890.0
1147,0.003215,-2.54,4160.0
1148,0.003252,1.16,4260.0
1149,0.003237,-0.47,4570.0
1150,0.003167,-2.16,5860.0
1151,0.003184,0.53,3960.0
1152,0.003171,-0.39,3230.0
1153,0.003227,1.75,2870.0
1154,0.003224,-0.08,3280.0
1155,0.003713,15.17,11350.0
1156,0.003333,-10.24,8029.999999999999
1157,0.003372,1.17,4200.0
1158,0.003549,5.24,4950.0
1159,0.003501,-1.33,4330.0
1160,0.003559,1.63,4010.0
1161,0.003531,-0.77,4800.0
1162,0.003514,-0.5,4050.0
1163,0.003468,-1.29,3560.0
1164,0.003495,0.78,4520.0
1165,0.003391,-2.98,5590.0
1166,0.003462,2.08,4490.0
1167,0.003483,0.61,4770.0
1168,0.00357,2.51,3480.0
1169,0.003535,-0.99,3760.0
1170,0.003535,0.02,3200.0
1171,0.003589,1.51,5550.0
1172,0.003477,-3.1,4230.0
1173,0.003417,-1.74,3360.0
1174,0.003441,0.71,2060.0
1175,0.003376,-1.88,4260.0
1176,0.003437,1.8,2580.0
1177,0.003397,-1.16,1970.0
1178,0.003409,0.36,2900.0
1179,0.00328,-3.79,7650.0
1180,0.003293,0.39,8810.0
1181,0.003205,-2.67,10010.0
1182,0.003263,1.83,6570.0
1183,0.003276,0.38,8480.0
1184,0.003298,0.66,8480.0
1185,0.00321,-2.65,9460.0
1186,0.003242,1.0,9170.0
1187,0.003118,-3.83,5650.0
1188,0.002777,-10.95,6140.0
1189,0.002877,3.6,5700.0
1190,0.00276,-4.06,5070.0
1191,0.002783,0.84,5150.0
1192,0.002815,1.15,4320.0
1193,0.002746,-2.46,3090.0
1194,0.002781,1.27,2580.0
1195,0.002805,0.87,2890.0
1196,0.002796,-0.29,2790.0
1197,0.002815,0.66,2280.0
1198,0.002783,-1.15,2020.0
1199,0.00279,0.26,1840.0
1200,0.002829,1.39,2210.0
1201,0.002793,-1.25,2020.0
1202,0.002807,0.48,1410.0
1203,0.002787,-0.7,1150.0
1204,0.002792,0.15,1540.0
1205,0.002774,-0.62,1690.0
1206,0.002606,-6.06,2400.0
1207,0.002643,1.4,1360.0
1208,0.002549,-3.56,1500.0
1209,0.00263,3.18,1400.0
1210,0.002713,3.17,2110.0
1211,0.002697,-0.6,1660.0
1212,0.002697,0.0,1060.0
1213,0.002649,-1.77,1600.0
1214,0.002673,0.88,2200.0
1215,0.002634,-1.46,1460.0
1216,0.002625,-0.34,2360.0
1217,0.00259,-1.32,4000.0
1218,0.002597,0.26,1830.0
1219,0.002638,1.61,1880.0
1220,0.002621,-0.66,1820.0
1221,0.002602,-0.72,2020.0
1222,0.002595,-0.28,2160.0
1223,0.002609,0.55,2260.0
1224,0.002657,1.84,2470.0
1225,0.002666,0.34,1710.0
1226,0.002681,0.59,815.47
1227,0.002667,-0.55,1260.0
1228,0.002637,-1.11,926.05
1229,0.002638,0.05,735.26
1230,0.0026,-1.44,1270.0
1231,0.002604,0.13,1420.0
1232,0.002585,-0.72,597.98
1233,0.002593,0.32,653.26
1234,0.002592,-0.04,1410.0
1235,0.002595,0.13,1360.0
1236,0.002624,1.09,1700.0
1237,0.002647,0.89,1330.0
1238,0.002644,-0.1,959.32
1239,0.002634,-0.38,969.0
1240,0.002652,0.66,1130.0
1241,0.002665,0.5,5750.0
1242,0.002674,0.35,2380.0
1243,0.002583,-3.42,1810.0
1244,0.002576,-0.27,1220.0
1245,0.002583,0.3,1640.0
1246,0.002568,-0.59,1050.0
1247,0.002576,0.3,657.41
1248,0.002514,-2.4,1170.0
1249,0.002517,0.1,1330.0
1250,0.002546,1.17,1260.0
1251,0.002639,3.64,1290.0
1252,0.002757,4.46,2800.0
1253,0.00267,-3.16,2240.0
1254,0.002707,1.4,923.76
1255,0.002673,-1.26,1480.0
1256,0.00276,3.25,2520.0
1257,0.002757,-0.09,1990.0
1258,0.002773,0.57,1150.0
1259,0.002811,1.36,1580.0
1260,0.002769,-1.49,1880.0
1261,0.002773,0.14,1320.0
1262,0.002879,3.84,3970.0
1263,0.002935,1.93,3210.0
1264,0.002904,-1.05,2870.0
1265,0.002905,0.06,1900.0
1266,0.002986,2.79,2780.0
1267,0.00351,17.54,9100.0
1268,0.00334,-4.84,5990.0
1269,0.003684,10.3,5150.0
1270,0.00424,15.07,13300.0
1271,0.003716,-12.34,7730.0
1272,0.003245,-12.69,7720.0
1273,0.00327,0.79,2940.0
1274,0.003392,3.72,2140.0
1275,0.00344,1.41,1610.0
1276,0.003551,3.25,2450.0
1277,0.00332,-6.52,2970.0
1278,0.003369,1.47,1800.0
1279,0.003433,1.91,1730.0
1280,0.003282,-4.4,1650.0
1281,0.003391,3.31,1120.0
1282,0.003388,-0.09,1050.0
1283,0.003335,-1.56,1040.0
1284,0.003176,-4.78,1430.0
1285,0.003158,-0.57,1280.0
1286,0.003109,-1.55,780.04
1287,0.003075,-1.09,996.31
1288,0.003164,2.91,1100.0
1289,0.003259,2.99,1150.0
1290,0.003224,-1.06,1160.0
1291,0.003204,-0.62,1110.0
1292,0.003423,6.83,1810.0
1293,0.003723,8.75,9510.0
1294,0.003863,3.75,4750.0
1295,0.003925,1.62,4570.0
1296,0.004641,18.23,23480.0
1297,0.004773,2.86,32479.999999999996
1298,0.004514,-5.42,8850.0
1299,0.003767,-16.55,8029.999999999999
1300,0.004573,21.4,6350.0
1301,0.004563,-0.22,5340.0
1302,0.004508,-1.21,5180.0
1303,0.004548,0.89,5620.0
1304,0.004594,1.02,3590.0
1305,0.004488,-2.32,3420.0
1306,0.004627,3.11,3430.0
1307,0.004666,0.84,3050.0
1308,0.005661,21.33,8410.0
1309,0.010489,85.27,100850.0
1310,0.00985,-6.09,71680.0
1311,0.00978,-0.71,38720.0
1312,0.009958,1.82,15370.0
1313,0.010443,4.87,16840.0
1314,0.009724,-6.88,7150.0
1315,0.009753,0.29,5480.0
1316,0.010158,4.15,6610.0
1317,0.009831,-3.22,8010.0
1318,0.008828,-10.2,11360.0
1319,0.008066,-8.63,5990.0
1320,0.008669,7.47,3980.0
1321,0.0094,8.43,7540.0
1322,0.009373,-0.28,6690.0
1323,0.009235,-1.48,3590.0
1324,0.009094,-1.52,3070.0
1325,0.009172,0.86,2480.0
1326,0.009053,-1.29,3510.0
1327,0.009055,0.02,2650.0
1328,0.008172,-9.75,2880.0
1329,0.008516,4.2,2470.0
1330,0.008571,0.65,1790.0
1331,0.008714,1.67,1840.0
1332,0.008353,-4.14,2070.0
1333,0.00824,-1.35,1470.0
1334,0.007441,-9.7,2009.9999999999998
1335,0.036265,387.36,12410.0
1336,0.046597,28.49,146800.0
1337,0.028197,-39.49,77240.0
1338,0.036841,30.66,65010.00000000001
1339,0.034705,-5.8,39340.0
1340,0.031296,-9.82,19700.0
1341,0.037345,19.33,20280.0
1342,0.052944,41.77,72240.0
1343,0.046783,-11.64,27110.0
1344,0.057465,22.83,26400.0
1345,0.078508,36.62,54230.0
1346,0.078793,0.36,38110.0
1347,0.070012,-11.14,22360.0
1348,0.072584,3.67,22670.0
1349,0.069611,-4.1,11230.0
1350,0.069791,0.26,13240.0
1351,0.066249,-5.07,7320.0
1352,0.062639,-5.45,13800.0
1353,0.056442,-9.89,19300.0
1354,0.053513,-5.19,11600.0
1355,0.049467,-7.56,10520.0
1356,0.059134,19.54,21380.0
1357,0.055036,-6.93,11880.0
1358,0.054135,-1.64,14030.0
1359,0.055881,3.23,10290.0
1360,0.05353,-4.21,15500.0
1361,0.047673,-10.94,11250.0
1362,0.056653,18.84,19490.0
1363,0.050045,-11.67,9270.0
1364,0.050463,0.84,6160.0
1365,0.050076,-0.77,4450.0
1366,0.048129,-3.89,4850.0
1367,0.050576,5.08,5220.0
1368,0.050279,-0.59,4670.0
1369,0.050474,0.39,3640.0
1370,0.049927,-1.08,3650.0
1371,0.049584,-0.69,3760.0
1372,0.050935,2.73,5280.0
1373,0.051881,1.86,3030.0
1374,0.062848,21.14,13640.0
1375,0.057978,-7.75,8670.0
1376,0.0559,-3.58,4710.0
1377,0.055893,-0.01,3390.0
1378,0.055261,-1.13,3660.0
1379,0.062694,13.45,6370.0
1380,0.058431,-6.8,9160.0
1381,0.056965,-2.51,4770.0
1382,0.058611,2.89,3910.0
1383,0.05788,-1.25,2390.0
1384,0.057294,-1.01,2560.0
1385,0.05827,1.7,3120.0
1386,0.058827,0.95,3430.0
1387,0.057471,-2.31,2570.0
1388,0.054929,-4.42,2420.0
1389,0.053437,-2.72,2810.0
1390,0.05151,-3.61,3000.0
1391,0.051263,-0.48,3470.0
1392,0.053973,5.29,2110.0
1393,0.054426,0.84,2390.0
1394,0.053637,-1.45,1420.0
1395,0.054102,0.87,1920.0
1396,0.054027,-0.14,2810.0
1397,0.053744,-0.52,2260.0
1398,0.062113,15.57,26140.0
1399,0.05757,-7.31,8100.0
1400,0.055554,-3.5,4080.0
1401,0.057401,3.32,3280.0
1402,0.059948,4.44,5220.0
1403,0.064283,7.23,9450.0
1404,0.058728,-8.64,9590.0
1405,0.061757,5.16,3860.0
1406,0.061582,-0.28,4130.0
1407,0.063688,3.42,5300.0
1408,0.07415,16.43,24470.0
1409,0.070719,-4.63,8900.0
1410,0.093763,32.59,23190.0
1411,0.121349,29.42,57290.0
1412,0.182784,50.63,37960.0
1413,0.365551,99.99,83390.0
1414,0.281909,-22.88,39280.0
1415,0.322037,14.23,29110.0
1416,0.407335,26.49,31680.0
1417,0.317696,-22.01,33270.0
1418,0.305633,-3.8,15480.0
1419,0.26081,-14.67,17340.0
1420,0.248731,-4.63,27910.0
1421,0.270017,8.56,17250.0
1422,0.251103,-7.0,10020.0
1423,0.269805,7.45,7900.0
1424,0.270668,0.32,5380.0
1425,0.323582,19.55,21220.0
1426,0.30324,-6.29,6740.0
1427,0.336635,11.01,6480.0
1428,0.390642,16.04,11340.0
1429,0.372404,-4.67,8200.0
1430,0.438244,17.68,9970.0
1431,0.559005,27.56,31900.0
1432,0.655355,17.24,28030.0
1433,0.579839,-11.52,12970.0
